date,slug,display_name,version,tag_latest,downloads,installs,stars,comments,versions,keen_status,sanbu_status,keen_status_text,sanbu_status_text,owner_handle,updated_at,latest_created_at
2026-06-01,dknowc-official-doc-writer-skillhub,深知写作助手,3.0.10,3.0.10,296,22,0,0,5,benign,benign,安全，无风险,安全，无风险,user_c9faff27,2026-06-01T08:38:19.506Z,2026-05-27T10:19:00.040Z
2026-06-02,dknowc-official-doc-writer-skillhub,深知写作助手,3.0.10,3.0.10,309,22,0,0,5,benign,benign,安全，无风险,安全，无风险,user_c9faff27,2026-06-02T02:45:41.941Z,2026-05-27T10:19:00.040Z
2026-06-03,dknowc-official-doc-writer-skillhub,深知写作助手,3.0.10,3.0.10,322,22,0,0,5,benign,benign,安全，无风险,安全，无风险,user_c9faff27,2026-06-02T20:26:49.725Z,2026-05-27T10:19:00.040Z
2026-06-04,dknowc-official-doc-writer-skillhub,深知写作助手,3.0.10,3.0.10,342,22,0,0,5,benign,benign,安全，无风险,安全，无风险,user_c9faff27,2026-06-04T00:21:57.454Z,2026-05-27T10:19:00.040Z
2026-06-05,dknowc-official-doc-writer-skillhub,深知写作助手,3.0.10,3.0.10,353,22,0,0,5,benign,benign,安全，无风险,安全，无风险,user_c9faff27,2026-06-05T01:59:39.636Z,2026-05-27T10:19:00.040Z
2026-06-06,dknowc-official-doc-writer-skillhub,深知写作助手,3.0.13,3.0.13,402,22,0,0,6,benign,benign,安全，无风险,安全，无风险,user_c9faff27,2026-06-06T00:45:53.277Z,2026-06-05T03:51:35.775Z
2026-06-07,dknowc-official-doc-writer-skillhub,深知写作助手,3.0.13,3.0.13,416,22,0,0,6,benign,benign,安全，无风险,安全，无风险,user_c9faff27,2026-06-07T01:01:58.799Z,2026-06-05T03:51:35.775Z
2026-06-08,dknowc-official-doc-writer-skillhub,深知写作助手,3.0.13,3.0.13,436,22,0,0,6,benign,benign,安全，无风险,安全，无风险,user_c9faff27,2026-06-08T01:58:47.165Z,2026-06-05T03:51:35.775Z
2026-06-09,dknowc-official-doc-writer-skillhub,深知写作助手,3.0.13,3.0.13,454,22,0,0,6,benign,benign,安全，无风险,安全，无风险,user_c9faff27,2026-06-09T01:25:11.993Z,2026-06-05T03:51:35.775Z
2026-06-10,dknowc-official-doc-writer-skillhub,深知写作助手,3.0.13,3.0.13,471,22,0,0,6,benign,benign,安全，无风险,安全，无风险,user_c9faff27,2026-06-10T01:54:10.415Z,2026-06-05T03:51:35.775Z
2026-06-11,dknowc-official-doc-writer-skillhub,深知写作助手,3.0.16,3.0.16,535,22,0,0,7,benign,benign,安全，无风险,安全，无风险,user_c9faff27,2026-06-11T01:42:10.583Z,2026-06-10T09:25:47.363Z
